run	event	sha	jobs_ran	jobs_listed	slot_h	span_h	widest_min	macos_jobs	long_jobs(>20m)
37447610923	push	5f8715e	17	17	21.29	2.98	178.5	4	12
37409329921	push	b3228cb	17	17	20.13	2.96	177.5	4	12
37257556473	push	c63b612	17	17	20.24	3.00	179.5	4	12
37206713853	push	f9269e3	17	17	21.61	2.94	176.2	4	12
37191374821	push	d71bbb9	17	17	22.91	3.37	201.9	4	12
37168930391	push	8d82031	17	17	21.39	3.06	175.4	4	12
37150105337	push	9f4e4a1	17	17	22.98	3.64	218.4	4	12
37129460044	push	480faa8	17	17	22.22	3.05	183.0	4	12
37117513248	push	6135d4d	17	17	20.88	2.99	179.4	4	12
37101953492	push	5e7c944	17	17	19.88	3.44	203.6	4	12
37425374668	pull_request	5f8715e	17	17	21.49	3.36	178.6	4	12
37409376923	pull_request	b7b7ddb	17	17	20.28	3.10	157.0	4	12
37392934693	pull_request	21113e9	17	17	21.26	3.04	179.8	4	12
37382075695	pull_request	bf91ff3	17	17	21.03	3.66	168.0	4	12
37368015018	pull_request	b3228cb	17	17	21.91	7.28	204.4	4	12
37245329221	pull_request	c63b612	17	17	20.97	2.95	176.9	4	12
37195842837	pull_request	f9269e3	17	17	22.46	3.06	179.4	4	12
37181334096	pull_request	d71bbb9	17	17	21.56	3.16	189.4	4	12
37159605866	pull_request	8d82031	17	17	21.45	2.91	174.4	4	12
37140082972	pull_request	9f4e4a1	17	17	19.73	2.57	154.3	4	12
